student-ID,course-id,roll no,email ID,grade
SID1033,CSE016,CRPC2ZW9,crpc2zw9@university.edu,A
SID1310,CSE020,NKGLHBUG,nkglhbug@university.edu,B
SID1132,CSE004,IQ3QMIZL,iq3qmizl@university.edu,C
SID1378,CSE018,O7QFVVVO,o7qfvvvo@university.edu,C
SID1428,CSE014,KOGTE7P5,kogte7p5@university.edu,D
SID1403,CSE006,7N8LSGWG,7n8lsgwg@university.edu,A
SID1156,CSE001,XAEBKUW3,xaebkuw3@university.edu,B
SID1081,CSE016,D1SGWJ3W,d1sgwj3w@university.edu,C
SID1190,CSE017,528E329B,528e329b@university.edu,C
SID1352,CSE016,XVO16U4B,xvo16u4b@university.edu,B
SID1994,CSE018,DON1LUES,don1lues@university.edu,B
SID1488,CSE003,1HDDV29D,1hddv29d@university.edu,B
SID1469,CSE006,OR8VBOCL,or8vbocl@university.edu,F
SID1559,CSE003,ULCTH1Z1,ulcth1z1@university.edu,E
SID1291,CSE004,GW3QY6JP,gw3qy6jp@university.edu,B
SID1093,CSE003,TUYF5WVP,tuyf5wvp@university.edu,C
SID1884,CSE001,A7CY2VYH,a7cy2vyh@university.edu,C
SID1247,CSE003,3IPELKOM,3ipelkom@university.edu,B
SID1131,CSE007,W5TL9UDK,w5tl9udk@university.edu,E
SID1310,CSE013,MOPZ4V1Q,mopz4v1q@university.edu,F
SID1340,CSE007,LXIU30Y9,lxiu30y9@university.edu,E
SID1632,CSE002,IVHLN4OI,ivhln4oi@university.edu,C
SID1775,CSE004,K80ZSEBV,k80zsebv@university.edu,F
SID1514,CSE020,3XKKIDY7,3xkkidy7@university.edu,F
SID1031,CSE003,RB3TAYS0,rb3tays0@university.edu,F
SID1148,CSE014,T4TBB21V,t4tbb21v@university.edu,B
SID1431,CSE009,XRO6902H,xro6902h@university.edu,B
SID1071,CSE011,5JW8IBHR,5jw8ibhr@university.edu,C
SID1998,CSE011,CJ48WKL3,cj48wkl3@university.edu,E
SID1345,CSE016,W3WTASSW,w3wtassw@university.edu,C
SID1987,CSE013,S1HDOA0F,s1hdoa0f@university.edu,E
SID1113,CSE006,LHMY46PG,lhmy46pg@university.edu,A
SID1727,CSE008,9WX5L7TR,9wx5l7tr@university.edu,B
SID1281,CSE013,98GGATKI,98ggatki@university.edu,A
SID1226,CSE001,TS5FMQWV,ts5fmqwv@university.edu,B
SID1014,CSE003,52ITM0U2,52itm0u2@university.edu,B
SID1639,CSE001,0HO0B8H7,0ho0b8h7@university.edu,E
SID1115,CSE009,HB9Z6P1C,hb9z6p1c@university.edu,A
SID1398,CSE007,TJPBEK7H,tjpbek7h@university.edu,D
SID1969,CSE009,JYF5UWB9,jyf5uwb9@university.edu,D
SID1525,CSE013,3F2KXML6,3f2kxml6@university.edu,E
SID1329,CSE001,VESB3M1D,vesb3m1d@university.edu,F
SID1558,CSE010,99KXBTKE,99kxbtke@university.edu,E
SID1537,CSE009,5BG2EKRK,5bg2ekrk@university.edu,A
SID1522,CSE019,Q526DC4V,q526dc4v@university.edu,F
SID1231,CSE019,2B1LW21I,2b1lw21i@university.edu,F
SID1050,CSE005,9WHQB092,9whqb092@university.edu,D
SID1471,CSE018,NZFTVPLS,nzftvpls@university.edu,C
SID1676,CSE002,72EI9UT6,72ei9ut6@university.edu,E
SID1858,CSE016,XKONBOXW,xkonboxw@university.edu,B
SID1770,CSE004,9LNGJIQA,9lngjiqa@university.edu,E
SID1391,CSE010,426C3S68,426c3s68@university.edu,F
SID1868,CSE013,NN9PIZZ0,nn9pizz0@university.edu,C
SID1102,CSE013,WHKRCA0S,whkrca0s@university.edu,D
SID1590,CSE001,RKI18V8D,rki18v8d@university.edu,D
SID1697,CSE016,ICBQNRTS,icbqnrts@university.edu,E
SID1880,CSE001,M0I6N9ZD,m0i6n9zd@university.edu,A
SID1298,CSE019,7Z450K13,7z450k13@university.edu,B
SID1965,CSE004,0FI20Q0N,0fi20q0n@university.edu,D
SID1092,CSE007,FQTJ5T0X,fqtj5t0x@university.edu,B
SID1208,CSE006,44BPM107,44bpm107@university.edu,C
SID1108,CSE011,12W3K6B3,12w3k6b3@university.edu,C
SID1472,CSE010,07MT3JRK,07mt3jrk@university.edu,A
SID1670,CSE013,XOVFNBMI,xovfnbmi@university.edu,B
SID1703,CSE003,UWLQKL13,uwlqkl13@university.edu,A
SID1701,CSE018,W7G4F10D,w7g4f10d@university.edu,F
SID1228,CSE007,W7WFVFHZ,w7wfvfhz@university.edu,C
SID1136,CSE020,DGNTRWLX,dgntrwlx@university.edu,A
SID1630,CSE008,S6PBJ5C6,s6pbj5c6@university.edu,E
SID1509,CSE010,UXP7SK6W,uxp7sk6w@university.edu,B
SID1074,CSE002,WNW21K09,wnw21k09@university.edu,A
SID1183,CSE008,T5H9LSR9,t5h9lsr9@university.edu,E
SID1640,CSE014,BDLJ8BR8,bdlj8br8@university.edu,A
SID1841,CSE013,7AT47VOJ,7at47voj@university.edu,C
SID1497,CSE013,SCP4E4QS,scp4e4qs@university.edu,D
SID1804,CSE009,V9P8G4BS,v9p8g4bs@university.edu,A
SID1128,CSE018,5CM1H8D3,5cm1h8d3@university.edu,A
SID1368,CSE009,QI8GZYHU,qi8gzyhu@university.edu,E
SID1596,CSE001,XH6PM1BN,xh6pm1bn@university.edu,F
SID1394,CSE001,7ZA3GGWG,7za3ggwg@university.edu,D
SID1094,CSE009,YQ74H033,yq74h033@university.edu,C
SID1362,CSE019,DOG8YNVP,dog8ynvp@university.edu,F
SID1361,CSE004,178WNTDZ,178wntdz@university.edu,B
SID1611,CSE020,JVGR04OO,jvgr04oo@university.edu,C
SID1099,CSE002,QL1SO3Z2,ql1so3z2@university.edu,B
SID1073,CSE011,MRTBS0PF,mrtbs0pf@university.edu,D
SID1962,CSE018,B2INL9CL,b2inl9cl@university.edu,D
SID1368,CSE012,7UABN8HS,7uabn8hs@university.edu,A
SID1390,CSE004,VKCS20NG,vkcs20ng@university.edu,D
SID1251,CSE017,R80KACP6,r80kacp6@university.edu,F
SID1517,CSE018,53V9YZRH,53v9yzrh@university.edu,F
SID1367,CSE013,51235EQR,51235eqr@university.edu,C
SID1202,CSE003,9A38Y76D,9a38y76d@university.edu,C
SID1148,CSE019,X6Q5HHLH,x6q5hhlh@university.edu,B
SID1299,CSE004,NM0MVEI2,nm0mvei2@university.edu,D
SID1197,CSE018,C8V0RWGD,c8v0rwgd@university.edu,A
SID1452,CSE001,6LC9USHI,6lc9ushi@university.edu,B
SID1569,CSE004,ZS89TBWZ,zs89tbwz@university.edu,E
SID1996,CSE002,4QWGCP3O,4qwgcp3o@university.edu,E
SID1577,CSE018,HQXWQ4BL,hqxwq4bl@university.edu,D
SID1515,CSE003,045RLYNM,045rlynm@university.edu,C
SID1252,CSE013,5P69EDA9,5p69eda9@university.edu,C
SID1211,CSE015,R0KHOUW1,r0khouw1@university.edu,B
SID1605,CSE015,X3LALZIE,x3lalzie@university.edu,E
SID1989,CSE002,AUC14RBF,auc14rbf@university.edu,E
SID1016,CSE004,QRCJHH34,qrcjhh34@university.edu,E
SID1805,CSE017,WMOX21DF,wmox21df@university.edu,C
SID1226,CSE005,Y0KBA28E,y0kba28e@university.edu,C
SID1948,CSE011,K7HY1KIC,k7hy1kic@university.edu,C
SID1629,CSE014,QDXB869C,qdxb869c@university.edu,D
SID1873,CSE004,DE24P1HH,de24p1hh@university.edu,F
SID1249,CSE007,KY0EZYH3,ky0ezyh3@university.edu,A
SID1162,CSE016,JX51ID1J,jx51id1j@university.edu,E
SID1528,CSE004,49QPCQ9G,49qpcq9g@university.edu,F
SID1659,CSE013,UM7CDR38,um7cdr38@university.edu,D
SID1536,CSE013,QGS5M0SO,qgs5m0so@university.edu,B
SID1361,CSE016,3CFGU24K,3cfgu24k@university.edu,E
SID1717,CSE008,D8S2WZYO,d8s2wzyo@university.edu,A
SID1468,CSE004,TWD858BP,twd858bp@university.edu,D
SID1220,CSE011,U3OY90ZQ,u3oy90zq@university.edu,E
SID1020,CSE017,06ARO2XM,06aro2xm@university.edu,B
SID1901,CSE001,HU05ENUU,hu05enuu@university.edu,D
SID1198,CSE009,7JHBA9F8,7jhba9f8@university.edu,A
SID1309,CSE020,CM4AG453,cm4ag453@university.edu,D
SID1626,CSE003,E4RCKFYI,e4rckfyi@university.edu,D
SID1003,CSE009,THAULPJE,thaulpje@university.edu,D
SID1930,CSE012,62H2ENXI,62h2enxi@university.edu,E
SID1055,CSE016,EDHTJWIC,edhtjwic@university.edu,A
SID1985,CSE013,27BOQV7N,27boqv7n@university.edu,B
SID1873,CSE008,EPIEH43Q,epieh43q@university.edu,A
SID1888,CSE006,3Z9DGYKM,3z9dgykm@university.edu,B
SID1917,CSE008,LR0UZ4RB,lr0uz4rb@university.edu,B
SID1278,CSE001,V29LD5MI,v29ld5mi@university.edu,F
SID1828,CSE009,Q6FHMCDQ,q6fhmcdq@university.edu,D
SID1377,CSE015,EWZR47ZC,ewzr47zc@university.edu,A
SID1314,CSE014,DK7HJBAP,dk7hjbap@university.edu,F
SID1079,CSE020,2VWYZZBD,2vwyzzbd@university.edu,C
SID1299,CSE016,IOFJXOUV,iofjxouv@university.edu,B
SID1227,CSE006,V3I1PHUB,v3i1phub@university.edu,E
SID1014,CSE012,TEGX350I,tegx350i@university.edu,C
SID1764,CSE019,PN1ATO5M,pn1ato5m@university.edu,C
SID1193,CSE007,HDRYWIGB,hdrywigb@university.edu,A
SID1504,CSE009,FUD1DL68,fud1dl68@university.edu,D
SID1919,CSE012,QYAQKS0Y,qyaqks0y@university.edu,B
SID1439,CSE007,MCUBPPAC,mcubppac@university.edu,C
SID1771,CSE018,RUNPOHS4,runpohs4@university.edu,B
SID1829,CSE005,KOVCNI9B,kovcni9b@university.edu,F
SID1680,CSE005,JR9EZ7SM,jr9ez7sm@university.edu,D
SID1736,CSE005,A6KPXW7I,a6kpxw7i@university.edu,E
SID1123,CSE014,MFO77C9H,mfo77c9h@university.edu,A
SID1925,CSE014,L91Y1R7F,l91y1r7f@university.edu,D
SID1849,CSE008,UPAYAL1D,upayal1d@university.edu,D
SID1043,CSE017,QB2VS9IW,qb2vs9iw@university.edu,B
SID1361,CSE019,6ITQBGFU,6itqbgfu@university.edu,C
SID1384,CSE002,F7QIUO9E,f7qiuo9e@university.edu,A
SID1782,CSE003,U1YADBEZ,u1yadbez@university.edu,D
SID1386,CSE008,O0LASF6I,o0lasf6i@university.edu,F
SID1370,CSE012,OUYSSBZX,ouyssbzx@university.edu,C
SID1161,CSE001,TU1EB6UN,tu1eb6un@university.edu,A
SID1377,CSE004,MVFXBW95,mvfxbw95@university.edu,D
SID1228,CSE015,ZRC3NWHR,zrc3nwhr@university.edu,D
SID1550,CSE008,ACWZJUFJ,acwzjufj@university.edu,E
SID1025,CSE011,WOAEZNCK,woaeznck@university.edu,E
SID1616,CSE004,HQQOKCE3,hqqokce3@university.edu,A
SID1782,CSE010,5PDRB0LQ,5pdrb0lq@university.edu,C
SID1313,CSE003,57L9QOY4,57l9qoy4@university.edu,D
SID1536,CSE017,CS2AHS5Q,cs2ahs5q@university.edu,F
SID1056,CSE014,C011579G,c011579g@university.edu,D
SID1876,CSE006,PMRWFJNZ,pmrwfjnz@university.edu,B
SID1438,CSE013,46JLW8G3,46jlw8g3@university.edu,A
SID1688,CSE013,FJ9QNQD6,fj9qnqd6@university.edu,B
SID1599,CSE005,43QZWFPR,43qzwfpr@university.edu,B
SID1127,CSE018,7NBPZGSJ,7nbpzgsj@university.edu,C
SID1296,CSE019,P615LHO7,p615lho7@university.edu,A
SID1987,CSE003,UJLRKUAV,ujlrkuav@university.edu,A
SID1372,CSE008,VUQMPV5O,vuqmpv5o@university.edu,A
SID1654,CSE015,9TDVG2KC,9tdvg2kc@university.edu,F
SID1733,CSE001,RR9FRBJR,rr9frbjr@university.edu,B
SID1712,CSE016,PGZ165N8,pgz165n8@university.edu,C
SID1511,CSE005,O5GF51Q9,o5gf51q9@university.edu,D
SID1495,CSE011,ZF9LVJPA,zf9lvjpa@university.edu,A
SID1383,CSE017,F7QUFPKP,f7qufpkp@university.edu,D
SID1789,CSE017,V5OZY7R9,v5ozy7r9@university.edu,C
SID1269,CSE019,KZ90WNEL,kz90wnel@university.edu,A
SID1715,CSE008,DFWKREFI,dfwkrefi@university.edu,C
SID1597,CSE003,8UHR832Y,8uhr832y@university.edu,D
SID1731,CSE005,CFGZ4K6O,cfgz4k6o@university.edu,E
SID1612,CSE006,PJEI7XGS,pjei7xgs@university.edu,F
SID1080,CSE007,0VDLKTZK,0vdlktzk@university.edu,F
SID1193,CSE001,1APIA428,1apia428@university.edu,E
SID1906,CSE001,BCDVY5O9,bcdvy5o9@university.edu,D
SID1740,CSE009,NVL3YQ07,nvl3yq07@university.edu,C
SID1909,CSE017,6OFVT77F,6ofvt77f@university.edu,D
SID1384,CSE014,01Z8EFDT,01z8efdt@university.edu,A
SID1753,CSE010,ZA8OTZNA,za8otzna@university.edu,C
SID1684,CSE007,D852RD8J,d852rd8j@university.edu,D
SID1451,CSE010,ZTWL2ALF,ztwl2alf@university.edu,F
SID1001,CSE001,JVNH0IFQ,jvnh0ifq@university.edu,B
SID1945,CSE019,M6XP3NC5,m6xp3nc5@university.edu,C
SID1971,CSE014,0BRHVKMB,0brhvkmb@university.edu,E
SID1625,CSE009,HKU07819,hku07819@university.edu,D
SID1918,CSE020,QJQ8CEHH,qjq8cehh@university.edu,A
SID1712,CSE019,9WBDR5Q1,9wbdr5q1@university.edu,F
SID1265,CSE010,ALAZVFX9,alazvfx9@university.edu,B
SID1470,CSE015,A9MQ281U,a9mq281u@university.edu,D
SID1583,CSE012,XI7YTPR5,xi7ytpr5@university.edu,C
SID1179,CSE008,UXPF4QTB,uxpf4qtb@university.edu,D
SID1981,CSE015,7FHHE6YN,7fhhe6yn@university.edu,E
SID1442,CSE003,ZTINMAFK,ztinmafk@university.edu,C
SID1912,CSE020,P8B8EWJR,p8b8ewjr@university.edu,D
SID1071,CSE014,85KKB3KJ,85kkb3kj@university.edu,D
SID1992,CSE005,X918VIT4,x918vit4@university.edu,B
SID1601,CSE005,2RLY48DQ,2rly48dq@university.edu,F
SID1600,CSE020,UIXBQQ1V,uixbqq1v@university.edu,D
SID1701,CSE012,KSEINZLD,kseinzld@university.edu,A
SID1903,CSE012,G5HCZ6NY,g5hcz6ny@university.edu,E
SID1920,CSE011,C6H29EOR,c6h29eor@university.edu,C
SID1135,CSE011,IIQAM0YK,iiqam0yk@university.edu,F
SID1449,CSE017,SLFO58PJ,slfo58pj@university.edu,F
SID1843,CSE015,BNCFPRD2,bncfprd2@university.edu,B
SID1815,CSE001,RADUQT21,raduqt21@university.edu,E
SID1919,CSE013,FC9992SP,fc9992sp@university.edu,D
SID1454,CSE017,4YADDHIW,4yaddhiw@university.edu,D
SID1159,CSE017,YMHSG4HQ,ymhsg4hq@university.edu,E
SID1563,CSE008,WFAGXTA0,wfagxta0@university.edu,E
SID1427,CSE019,GE7VJJ40,ge7vjj40@university.edu,E
SID1614,CSE002,WAL31BWT,wal31bwt@university.edu,C
SID1155,CSE009,OOMRIXNC,oomrixnc@university.edu,B
SID1877,CSE014,EJNC1ANI,ejnc1ani@university.edu,B
SID1806,CSE011,MXPVF9XT,mxpvf9xt@university.edu,F
SID1081,CSE002,ZPCNKNRV,zpcnknrv@university.edu,C
SID1746,CSE013,9L860QNF,9l860qnf@university.edu,B
SID1697,CSE001,PPAFWWRS,ppafwwrs@university.edu,F
SID1114,CSE017,JPN2CGYI,jpn2cgyi@university.edu,F
SID1960,CSE013,GPQW9S6U,gpqw9s6u@university.edu,A
SID1093,CSE005,B01AYOW0,b01ayow0@university.edu,F
SID1318,CSE015,3LZIFLHZ,3lziflhz@university.edu,E
SID1854,CSE019,T0D5FB6S,t0d5fb6s@university.edu,E
SID1587,CSE010,M81CQINM,m81cqinm@university.edu,F
SID1527,CSE008,HNX53SNN,hnx53snn@university.edu,B
SID1387,CSE003,0HGAPF3J,0hgapf3j@university.edu,F
SID1311,CSE011,PYZWTMQB,pyzwtmqb@university.edu,C
SID1300,CSE004,BH72UF7V,bh72uf7v@university.edu,A
SID1776,CSE015,NGBI706L,ngbi706l@university.edu,E
SID1740,CSE015,DXU38XFR,dxu38xfr@university.edu,A
SID1377,CSE018,BDVZ5KTK,bdvz5ktk@university.edu,E
SID1370,CSE008,PFEIMBXE,pfeimbxe@university.edu,D
SID1629,CSE011,WF5JM3EQ,wf5jm3eq@university.edu,A
SID1733,CSE005,ZO2NB73O,zo2nb73o@university.edu,D
SID1745,CSE011,08XACXRD,08xacxrd@university.edu,C
SID1509,CSE002,J5IUP43W,j5iup43w@university.edu,E
SID1611,CSE003,C5ZA0J8Q,c5za0j8q@university.edu,F
SID1768,CSE008,RC5E4PBZ,rc5e4pbz@university.edu,A
SID1915,CSE018,ZNARFN92,znarfn92@university.edu,D
SID1351,CSE017,ZJV2HW5T,zjv2hw5t@university.edu,C
SID1870,CSE014,VTPR2G7S,vtpr2g7s@university.edu,C
SID1331,CSE007,1U3F32V0,1u3f32v0@university.edu,B
SID1611,CSE010,NHSSQTNK,nhssqtnk@university.edu,B
SID1182,CSE006,5R8M1E32,5r8m1e32@university.edu,D
SID1259,CSE012,Z7SB7DJ1,z7sb7dj1@university.edu,A
SID1375,CSE017,RQ35SWPY,rq35swpy@university.edu,D
SID1530,CSE002,Y4NHPLFJ,y4nhplfj@university.edu,F
SID1231,CSE015,H3UWGVTP,h3uwgvtp@university.edu,E
SID1929,CSE007,GN878P64,gn878p64@university.edu,F
SID1436,CSE009,4TQYP9BV,4tqyp9bv@university.edu,C
SID1597,CSE009,2SM0DJ66,2sm0dj66@university.edu,A
SID1081,CSE005,6Z1EXKHI,6z1exkhi@university.edu,C
SID1238,CSE010,V0DV1MLJ,v0dv1mlj@university.edu,F
SID1839,CSE012,VHG9AQ9M,vhg9aq9m@university.edu,D
SID1326,CSE002,TTYPWZIO,ttypwzio@university.edu,B
SID1722,CSE014,E9IJAHRM,e9ijahrm@university.edu,A
SID1865,CSE006,ENXZJK3W,enxzjk3w@university.edu,A
SID1909,CSE003,X9DSR4NH,x9dsr4nh@university.edu,B
SID1718,CSE012,BE4UPYXK,be4upyxk@university.edu,F
SID1467,CSE013,WKRI1BAU,wkri1bau@university.edu,E
SID1882,CSE015,2PXVNLR1,2pxvnlr1@university.edu,C
SID1858,CSE002,X7716LI3,x7716li3@university.edu,F
SID1011,CSE006,7T0BGNEW,7t0bgnew@university.edu,C
SID1297,CSE008,9WWG55MY,9wwg55my@university.edu,A
SID1700,CSE016,0GXSTVN0,0gxstvn0@university.edu,F
SID1076,CSE019,9N6TAGBI,9n6tagbi@university.edu,E
SID1874,CSE001,IPWXB1ZJ,ipwxb1zj@university.edu,C
SID1144,CSE007,9267W7DL,9267w7dl@university.edu,D
SID1065,CSE003,X18QWNXJ,x18qwnxj@university.edu,D
SID1671,CSE011,5MDCNR0Z,5mdcnr0z@university.edu,F
SID1075,CSE001,NPJ5MQY5,npj5mqy5@university.edu,C
SID1372,CSE003,ARE1J4M9,are1j4m9@university.edu,F
SID1118,CSE019,ZBLUCGS5,zblucgs5@university.edu,C
SID1711,CSE008,GFG760UF,gfg760uf@university.edu,B
SID1237,CSE013,0S2SBQGQ,0s2sbqgq@university.edu,E
SID1681,CSE009,WIYN0KDM,wiyn0kdm@university.edu,E
SID1047,CSE008,3JEDRAJ9,3jedraj9@university.edu,D
SID1229,CSE011,BGM2GXHL,bgm2gxhl@university.edu,F
SID1723,CSE019,JE5JPH34,je5jph34@university.edu,B
SID1734,CSE013,FJN8921P,fjn8921p@university.edu,C
SID1808,CSE006,D5ZA1H94,d5za1h94@university.edu,B
SID1863,CSE009,GSYHT7HN,gsyht7hn@university.edu,B
SID1515,CSE002,9EVN0HM5,9evn0hm5@university.edu,F
SID1642,CSE007,1MC70U3C,1mc70u3c@university.edu,E
SID1320,CSE016,UG0G2XNV,ug0g2xnv@university.edu,E
SID1393,CSE008,UIG9GUQD,uig9guqd@university.edu,D
SID1530,CSE014,C6YJPVOK,c6yjpvok@university.edu,D
SID1907,CSE001,QC0BXS7Q,qc0bxs7q@university.edu,E
SID1154,CSE014,K14IE9QJ,k14ie9qj@university.edu,F
SID1769,CSE015,Z99XSY8B,z99xsy8b@university.edu,C
SID1330,CSE006,1LO0M3ZL,1lo0m3zl@university.edu,A
SID1112,CSE007,ZNNV6U59,znnv6u59@university.edu,D
SID1421,CSE004,1MXFLK4L,1mxflk4l@university.edu,E
SID1541,CSE007,E1T53P34,e1t53p34@university.edu,F
SID1729,CSE015,N7B5C2WZ,n7b5c2wz@university.edu,D
SID1786,CSE009,W8G3MB6P,w8g3mb6p@university.edu,D
SID1195,CSE001,6LTJPR3M,6ltjpr3m@university.edu,E
SID1588,CSE020,IYTXI1UM,iytxi1um@university.edu,C
SID1326,CSE005,8TO6I85U,8to6i85u@university.edu,B
SID1321,CSE018,8BFXD11B,8bfxd11b@university.edu,B
SID1079,CSE010,VMVW65TT,vmvw65tt@university.edu,E
SID1455,CSE014,EA4CV59N,ea4cv59n@university.edu,B
SID1815,CSE008,THSMJ0UB,thsmj0ub@university.edu,D
SID1579,CSE019,EN2SIW6O,en2siw6o@university.edu,E
SID1236,CSE010,G895XI4W,g895xi4w@university.edu,D
SID1262,CSE018,N8H7A9W5,n8h7a9w5@university.edu,F
SID1560,CSE015,CKK6JTB5,ckk6jtb5@university.edu,A
SID1697,CSE005,SQ1ZXA71,sq1zxa71@university.edu,E
SID1718,CSE020,AKFF29W1,akff29w1@university.edu,C
SID1307,CSE005,LX3OYLYE,lx3oylye@university.edu,C
SID1710,CSE016,DVI38JFT,dvi38jft@university.edu,D
SID1308,CSE019,AOZN4RSX,aozn4rsx@university.edu,B
SID1124,CSE011,CM1OA3IS,cm1oa3is@university.edu,A
SID1978,CSE007,MNMWG4PV,mnmwg4pv@university.edu,B
SID1766,CSE003,NH79DO7S,nh79do7s@university.edu,E
SID1718,CSE015,77VXU2O3,77vxu2o3@university.edu,E
SID1768,CSE018,N4ACT2PE,n4act2pe@university.edu,C
SID1955,CSE014,IVEKFEZA,ivekfeza@university.edu,F
SID1277,CSE006,B5LA0CN8,b5la0cn8@university.edu,A
SID1016,CSE009,4DMIODHT,4dmiodht@university.edu,E
SID1202,CSE006,BFEDOKD7,bfedokd7@university.edu,F
SID1040,CSE020,SNRPI2VB,snrpi2vb@university.edu,E
SID1646,CSE013,ZDZ12FM7,zdz12fm7@university.edu,C
SID1603,CSE014,DOTL80WC,dotl80wc@university.edu,B
SID1113,CSE004,AA981P68,aa981p68@university.edu,D
SID1709,CSE009,1HERYN44,1heryn44@university.edu,A
SID1032,CSE005,MX350R0Q,mx350r0q@university.edu,A
SID1722,CSE019,3UQHPU8L,3uqhpu8l@university.edu,B
SID1896,CSE017,VAXNUXF0,vaxnuxf0@university.edu,D
SID1853,CSE011,5MPFZNDO,5mpfzndo@university.edu,B
SID1993,CSE001,NQX0Z5P0,nqx0z5p0@university.edu,B
SID1403,CSE016,E114KGGT,e114kggt@university.edu,A
SID1502,CSE013,SJWZCRNZ,sjwzcrnz@university.edu,F
SID1061,CSE003,NF69RRH4,nf69rrh4@university.edu,E
SID1472,CSE019,QXZRBDRJ,qxzrbdrj@university.edu,C
SID1432,CSE012,LQ54S9WX,lq54s9wx@university.edu,C
SID1042,CSE012,1VE1O8IT,1ve1o8it@university.edu,B
SID1582,CSE006,PHSUB3B3,phsub3b3@university.edu,C
SID1117,CSE014,FR0WZL8B,fr0wzl8b@university.edu,B
SID1808,CSE019,ZWMWCHQ8,zwmwchq8@university.edu,F
SID1400,CSE001,HSOA7BGV,hsoa7bgv@university.edu,A
SID1764,CSE020,TG7ZAXCK,tg7zaxck@university.edu,C
SID1237,CSE006,7BXZSGUB,7bxzsgub@university.edu,C
SID1084,CSE006,IS6CLY0B,is6cly0b@university.edu,A
SID1666,CSE003,FFML7IYU,ffml7iyu@university.edu,A
SID1468,CSE012,Q7RGLRJ8,q7rglrj8@university.edu,F
SID1327,CSE005,TPHVU2ND,tphvu2nd@university.edu,A
SID1538,CSE007,TQ1IP8R8,tq1ip8r8@university.edu,B
SID1507,CSE015,KFNSYMTF,kfnsymtf@university.edu,C
SID1490,CSE015,0RUBLA4V,0rubla4v@university.edu,A
SID1040,CSE013,918CRQR5,918crqr5@university.edu,E
SID1156,CSE020,2FWM2EQT,2fwm2eqt@university.edu,F
SID1724,CSE006,XSCNVD6J,xscnvd6j@university.edu,A
SID1919,CSE010,XJW7W43H,xjw7w43h@university.edu,D
SID1803,CSE002,NZBX3RGX,nzbx3rgx@university.edu,E
SID1490,CSE001,XBAL695W,xbal695w@university.edu,F
SID1236,CSE011,5UWGLF2O,5uwglf2o@university.edu,A
SID1885,CSE015,NU6O0A1W,nu6o0a1w@university.edu,D
SID1314,CSE001,4W4S20XL,4w4s20xl@university.edu,F
SID1325,CSE002,LVQ88AHJ,lvq88ahj@university.edu,E
SID1631,CSE016,UCGMDAKF,ucgmdakf@university.edu,A
SID1155,CSE006,1ETIWQ4J,1etiwq4j@university.edu,E
SID1210,CSE008,9TBCMLG3,9tbcmlg3@university.edu,D
SID1830,CSE013,SJB7OOW1,sjb7oow1@university.edu,C
SID1356,CSE003,1RQL02BE,1rql02be@university.edu,C
SID1504,CSE010,5M5E5NEH,5m5e5neh@university.edu,F
SID1731,CSE007,D9CPE6F3,d9cpe6f3@university.edu,B
SID1872,CSE016,MR2Z1ZB6,mr2z1zb6@university.edu,E
SID1922,CSE003,G5THFK47,g5thfk47@university.edu,E
SID1483,CSE001,KN1PTVG3,kn1ptvg3@university.edu,A
SID1522,CSE018,7KA6X28U,7ka6x28u@university.edu,D
SID1127,CSE013,7UWP85AG,7uwp85ag@university.edu,A
SID1772,CSE015,NU95BRAD,nu95brad@university.edu,B
SID1893,CSE009,VPZ3K3MJ,vpz3k3mj@university.edu,B
SID1692,CSE005,GHQRG7YF,ghqrg7yf@university.edu,E
SID1824,CSE005,2GQF1BUT,2gqf1but@university.edu,B
SID1427,CSE001,VAXIMMXM,vaximmxm@university.edu,F
SID1596,CSE009,MVEWNZBS,mvewnzbs@university.edu,A
SID1337,CSE004,87DRIA5A,87dria5a@university.edu,F
SID1851,CSE007,YDJIQL3Z,ydjiql3z@university.edu,A
SID1365,CSE018,S1XG99IZ,s1xg99iz@university.edu,C
SID1502,CSE017,M6GODUA1,m6godua1@university.edu,E
SID1896,CSE018,9I9MJH82,9i9mjh82@university.edu,F
SID1188,CSE019,10P212HZ,10p212hz@university.edu,F
SID1694,CSE003,BL49G1XT,bl49g1xt@university.edu,B
SID1042,CSE015,XWB0GCLT,xwb0gclt@university.edu,F
SID1596,CSE012,90JFNM7X,90jfnm7x@university.edu,F
SID1270,CSE020,7YFW25NT,7yfw25nt@university.edu,D
SID1966,CSE012,TSMA0V7J,tsma0v7j@university.edu,D
SID1709,CSE015,6A3TE1XC,6a3te1xc@university.edu,E
SID1329,CSE020,419KBK5Q,419kbk5q@university.edu,E
SID1323,CSE013,0KVUROXB,0kvuroxb@university.edu,D
SID1441,CSE017,IB5HIT9X,ib5hit9x@university.edu,D
SID1690,CSE010,FWOV4MHO,fwov4mho@university.edu,F
SID1898,CSE011,1T1X0QWC,1t1x0qwc@university.edu,B
SID1337,CSE008,SCBOC048,scboc048@university.edu,D
SID1694,CSE010,0P2IDL80,0p2idl80@university.edu,A
SID1819,CSE002,FFZR2ZGG,ffzr2zgg@university.edu,E
SID1489,CSE009,ENC3537Y,enc3537y@university.edu,C
SID1055,CSE008,4Z03LYZ8,4z03lyz8@university.edu,E
SID1976,CSE001,0T8IZGTR,0t8izgtr@university.edu,F
SID1374,CSE009,1ZQU91AH,1zqu91ah@university.edu,C
SID1311,CSE005,0RZ6XMPE,0rz6xmpe@university.edu,E
SID1887,CSE007,75PJLEG8,75pjleg8@university.edu,E
SID1622,CSE010,HAVN870S,havn870s@university.edu,A
SID1868,CSE006,QZRJIXAZ,qzrjixaz@university.edu,A
SID1672,CSE018,K0K7S2EI,k0k7s2ei@university.edu,B
SID1270,CSE013,YHW7SVYX,yhw7svyx@university.edu,A
SID1183,CSE006,Z04X7FLS,z04x7fls@university.edu,F
SID1663,CSE004,955IKW68,955ikw68@university.edu,E
SID1499,CSE010,7KJLOFHY,7kjlofhy@university.edu,A
SID1219,CSE007,U81H19ER,u81h19er@university.edu,C
SID1295,CSE013,VMHHW5C5,vmhhw5c5@university.edu,D
SID1121,CSE006,C9YK3HA7,c9yk3ha7@university.edu,B
SID1355,CSE006,JB439DS3,jb439ds3@university.edu,C
SID1211,CSE013,M07ZE75F,m07ze75f@university.edu,A
SID1960,CSE011,TNB2GE6E,tnb2ge6e@university.edu,B
SID1310,CSE016,UQ9D8HPM,uq9d8hpm@university.edu,F
SID1027,CSE011,061VZYSR,061vzysr@university.edu,C
SID1242,CSE003,813H6CVC,813h6cvc@university.edu,B
SID1647,CSE010,DT244IFP,dt244ifp@university.edu,F
SID1382,CSE009,QAOW2TJG,qaow2tjg@university.edu,E
SID1400,CSE011,AME4EQ8K,ame4eq8k@university.edu,B
SID1945,CSE004,JP10VNQG,jp10vnqg@university.edu,F
SID1271,CSE002,LHXD6ZQK,lhxd6zqk@university.edu,D
SID1591,CSE002,5NDM50TA,5ndm50ta@university.edu,E
SID1660,CSE001,SXDV21RJ,sxdv21rj@university.edu,B
SID1009,CSE001,FVJLKA7Z,fvjlka7z@university.edu,C
SID1046,CSE005,F3WJZOQP,f3wjzoqp@university.edu,A
SID1817,CSE012,9BE020AL,9be020al@university.edu,A
SID1315,CSE020,727FWK5R,727fwk5r@university.edu,D
SID1195,CSE019,2YI1YGEP,2yi1ygep@university.edu,E
SID1437,CSE019,C9GNAHDT,c9gnahdt@university.edu,D
SID1771,CSE016,GKY22T8D,gky22t8d@university.edu,D
SID1583,CSE011,CTP8YGLY,ctp8ygly@university.edu,A
SID1696,CSE010,Y3JD0EPH,y3jd0eph@university.edu,E
SID1671,CSE014,P43KH1EQ,p43kh1eq@university.edu,D
SID1587,CSE014,UGTGZZ4F,ugtgzz4f@university.edu,B
SID1215,CSE006,GAHHF2W8,gahhf2w8@university.edu,A
SID1364,CSE020,DI3SBMEM,di3sbmem@university.edu,B
SID1836,CSE008,ZCAB19ZV,zcab19zv@university.edu,A
SID1448,CSE008,2CPESH4B,2cpesh4b@university.edu,F
SID1053,CSE001,GOMMMRL4,gommmrl4@university.edu,D
SID1511,CSE015,5QDV1JUY,5qdv1juy@university.edu,B
SID1743,CSE002,UJ0V6LWE,uj0v6lwe@university.edu,A
SID1427,CSE005,56LTQSLE,56ltqsle@university.edu,B
SID1399,CSE016,VCIK0ESB,vcik0esb@university.edu,F
SID1514,CSE016,1TVZ2SC1,1tvz2sc1@university.edu,C
SID1672,CSE003,PZ9I1U0U,pz9i1u0u@university.edu,D
SID1983,CSE012,SP8AT2RH,sp8at2rh@university.edu,D
SID1551,CSE013,D3K39H5M,d3k39h5m@university.edu,A
SID1489,CSE020,IRRUS1QF,irrus1qf@university.edu,E
SID1476,CSE010,KMYR67DP,kmyr67dp@university.edu,E
SID1768,CSE012,3SILTKAL,3siltkal@university.edu,B
SID1069,CSE004,7E01YKMR,7e01ykmr@university.edu,E
SID1710,CSE007,MIEWXOH4,miewxoh4@university.edu,E
SID1929,CSE018,V66ZBP7W,v66zbp7w@university.edu,F
SID1483,CSE008,CLRGXNNY,clrgxnny@university.edu,E
SID1347,CSE008,LDYKRXJ9,ldykrxj9@university.edu,E
SID1123,CSE008,R2PSA1E3,r2psa1e3@university.edu,B
SID1553,CSE014,31JAJD6F,31jajd6f@university.edu,B
SID1509,CSE007,1RPOLRYA,1rpolrya@university.edu,A
SID1949,CSE019,F0XD7W91,f0xd7w91@university.edu,E
SID1588,CSE010,9U1GVJ6A,9u1gvj6a@university.edu,A
SID1712,CSE017,91AS1O2Y,91as1o2y@university.edu,A
SID1580,CSE006,ZLT5G3GE,zlt5g3ge@university.edu,B
SID1268,CSE013,WA57HJMV,wa57hjmv@university.edu,E
SID1647,CSE011,N1BDKZDO,n1bdkzdo@university.edu,B
SID1049,CSE014,9T6FJ2MH,9t6fj2mh@university.edu,A
SID1844,CSE008,BKKRA0UF,bkkra0uf@university.edu,A
SID1255,CSE017,L4Z4976R,l4z4976r@university.edu,D
SID1787,CSE011,064SV5XT,064sv5xt@university.edu,E
SID1597,CSE010,LRU9WYCH,lru9wych@university.edu,B
SID1756,CSE003,85YBRNJ4,85ybrnj4@university.edu,D
SID1480,CSE009,0COR87ZB,0cor87zb@university.edu,D
SID1335,CSE001,ZYWCT8BK,zywct8bk@university.edu,F
SID1429,CSE013,B36O7CFW,b36o7cfw@university.edu,A
SID1091,CSE002,UNBQO2D7,unbqo2d7@university.edu,B
SID1662,CSE017,JZ3G1J2G,jz3g1j2g@university.edu,D
SID1348,CSE020,0J2F2909,0j2f2909@university.edu,A
SID1254,CSE005,OXTX7058,oxtx7058@university.edu,A
SID1981,CSE020,ENV6WYU8,env6wyu8@university.edu,E
SID1632,CSE003,L30SII03,l30sii03@university.edu,C
SID1040,CSE010,HHU0E6YI,hhu0e6yi@university.edu,E
SID1499,CSE009,AUFVI2XE,aufvi2xe@university.edu,A
SID1098,CSE001,GQ4PCTF2,gq4pctf2@university.edu,B
SID1100,CSE006,VB1FKER6,vb1fker6@university.edu,A
SID1254,CSE004,5QY7B6I1,5qy7b6i1@university.edu,E
SID1348,CSE015,PIH9K00B,pih9k00b@university.edu,E
SID1473,CSE012,1G8UWNVA,1g8uwnva@university.edu,D
SID1051,CSE018,9OGKKO96,9ogkko96@university.edu,A
SID1968,CSE003,OYXUCZIO,oyxuczio@university.edu,B
SID1023,CSE016,44CTDV6M,44ctdv6m@university.edu,A
SID1191,CSE015,0AOYYFGW,0aoyyfgw@university.edu,B
SID1384,CSE008,BWATJFY0,bwatjfy0@university.edu,A
SID1956,CSE001,V3VGEG6M,v3vgeg6m@university.edu,C
SID1300,CSE020,ULKBSGRS,ulkbsgrs@university.edu,B
SID1245,CSE002,23PT2AFX,23pt2afx@university.edu,B
SID1147,CSE010,KE08BYOQ,ke08byoq@university.edu,E
SID1685,CSE003,DMLN07IT,dmln07it@university.edu,D
SID1007,CSE002,YIM2CQ2D,yim2cq2d@university.edu,C
SID1330,CSE001,16JYBVQ8,16jybvq8@university.edu,D
SID1589,CSE020,PM94ZMHG,pm94zmhg@university.edu,C
SID1200,CSE002,N2K11295,n2k11295@university.edu,A
SID1739,CSE018,4OJ5Y79Z,4oj5y79z@university.edu,A
SID1576,CSE012,8OEU50JY,8oeu50jy@university.edu,F
SID1660,CSE014,PZHN5AUN,pzhn5aun@university.edu,C
SID1810,CSE004,NXRZKYL1,nxrzkyl1@university.edu,A
SID1540,CSE006,PLEJNZV3,plejnzv3@university.edu,E
SID1891,CSE009,9AD0JTG9,9ad0jtg9@university.edu,B
SID1510,CSE004,XZFJN9MX,xzfjn9mx@university.edu,F
SID1174,CSE008,KO3IDY4I,ko3idy4i@university.edu,F
SID1675,CSE007,1ZCOE22U,1zcoe22u@university.edu,A
SID1546,CSE001,GSF7CWRK,gsf7cwrk@university.edu,D
SID1707,CSE018,RD01ZPHQ,rd01zphq@university.edu,B
SID1449,CSE014,SH5Z6KJE,sh5z6kje@university.edu,C
SID1238,CSE016,HXXS0QYK,hxxs0qyk@university.edu,C
SID1848,CSE014,W32OYWT4,w32oywt4@university.edu,B
SID1712,CSE018,XOLJDRW2,xoljdrw2@university.edu,D
SID1281,CSE011,TUFLVXDQ,tuflvxdq@university.edu,A
SID1983,CSE013,R13C9O39,r13c9o39@university.edu,C
SID1290,CSE001,XM1AI14C,xm1ai14c@university.edu,F
SID1876,CSE019,E9KRI0SC,e9kri0sc@university.edu,C
SID1134,CSE004,1AOH8UVG,1aoh8uvg@university.edu,B
SID1586,CSE004,BETX2RUS,betx2rus@university.edu,B
SID1477,CSE005,TF9C85H1,tf9c85h1@university.edu,A
SID1544,CSE005,8NSKMMRQ,8nskmmrq@university.edu,B
SID1339,CSE013,ZVMUT98R,zvmut98r@university.edu,F
SID1225,CSE020,YSJIB9HJ,ysjib9hj@university.edu,C
SID1630,CSE011,D0TY61G8,d0ty61g8@university.edu,F
SID1689,CSE006,N7269DX4,n7269dx4@university.edu,F
SID1798,CSE006,0IRQMT7O,0irqmt7o@university.edu,C
SID1626,CSE007,QBN6C8S8,qbn6c8s8@university.edu,B
SID1826,CSE005,9QDWTWIU,9qdwtwiu@university.edu,A
SID1868,CSE011,C4N681B6,c4n681b6@university.edu,C
SID1980,CSE006,Y2TATD7M,y2tatd7m@university.edu,E
SID1139,CSE017,SKBSETDR,skbsetdr@university.edu,F
SID1228,CSE006,GDSJE1JU,gdsje1ju@university.edu,E
SID1411,CSE014,QKA8L71U,qka8l71u@university.edu,D
SID1925,CSE018,7TPY4WH7,7tpy4wh7@university.edu,B
SID1202,CSE001,VCK1KUBI,vck1kubi@university.edu,A
SID1306,CSE010,NNHGP8NT,nnhgp8nt@university.edu,A
SID1667,CSE002,511DXJ7B,511dxj7b@university.edu,C
SID1060,CSE016,LHKGWAXE,lhkgwaxe@university.edu,E
SID1624,CSE016,EJS9XC9V,ejs9xc9v@university.edu,F
SID1709,CSE003,HCYUU0AO,hcyuu0ao@university.edu,E
SID1264,CSE008,AEP55HQZ,aep55hqz@university.edu,C
SID1416,CSE004,CXPYRE0L,cxpyre0l@university.edu,E
SID1651,CSE016,JS7C3JJS,js7c3jjs@university.edu,A
SID1126,CSE002,TZBEWX9O,tzbewx9o@university.edu,E
SID1074,CSE010,WAS5FZJ6,was5fzj6@university.edu,F
SID1975,CSE011,HNM7Q1YU,hnm7q1yu@university.edu,D
SID1628,CSE018,F2UST9YG,f2ust9yg@university.edu,E
SID1394,CSE018,59ZJO5NY,59zjo5ny@university.edu,C
SID1153,CSE014,GR88ALGU,gr88algu@university.edu,F
SID1608,CSE002,KL404NXK,kl404nxk@university.edu,D
SID1500,CSE005,QDRXZSV8,qdrxzsv8@university.edu,B
SID1295,CSE003,RETQPYQ1,retqpyq1@university.edu,B
SID1700,CSE008,8Q471XGT,8q471xgt@university.edu,C
SID1500,CSE014,ZQCQIRTE,zqcqirte@university.edu,D
SID1119,CSE020,VZ3OGHQV,vz3oghqv@university.edu,D
SID1935,CSE007,7CYN1W1X,7cyn1w1x@university.edu,D
SID1558,CSE005,2OCV11DY,2ocv11dy@university.edu,D
SID1815,CSE020,3WJQJHMD,3wjqjhmd@university.edu,A
SID1563,CSE006,IJ2U7V6B,ij2u7v6b@university.edu,D
SID1752,CSE004,SI7SMZJW,si7smzjw@university.edu,D
SID1948,CSE015,0JE76T28,0je76t28@university.edu,D
SID1848,CSE016,C1GR26NX,c1gr26nx@university.edu,D
SID1850,CSE018,YJGGYKT6,yjggykt6@university.edu,C
SID1011,CSE014,NN8CW281,nn8cw281@university.edu,C
SID1604,CSE005,57MEAV2P,57meav2p@university.edu,E
SID1209,CSE009,PV1UE6Z4,pv1ue6z4@university.edu,F
SID1657,CSE012,RBZ59T1B,rbz59t1b@university.edu,D
SID1117,CSE001,WXL4VWZ7,wxl4vwz7@university.edu,D
SID1556,CSE003,04JBW3X3,04jbw3x3@university.edu,F
SID1005,CSE005,PWC0HS90,pwc0hs90@university.edu,A
SID1456,CSE007,BB886TVM,bb886tvm@university.edu,C
SID1895,CSE011,617FC7O2,617fc7o2@university.edu,A
SID1604,CSE004,AKN1J3MZ,akn1j3mz@university.edu,F
SID1406,CSE014,M2THMZ5K,m2thmz5k@university.edu,B
SID1919,CSE006,D8Q0B9AD,d8q0b9ad@university.edu,E
SID1667,CSE005,53J5KOW1,53j5kow1@university.edu,B
SID1693,CSE018,DUJQLAFY,dujqlafy@university.edu,B
SID1976,CSE018,B08OJXNB,b08ojxnb@university.edu,F
SID1489,CSE018,DEPADIZ6,depadiz6@university.edu,C
SID1263,CSE017,DQBXLBAX,dqbxlbax@university.edu,A
SID1534,CSE010,0KQT6YTY,0kqt6yty@university.edu,A
SID1218,CSE005,SYN27GT6,syn27gt6@university.edu,F
SID1312,CSE012,6SDCTM7Q,6sdctm7q@university.edu,B
SID1619,CSE002,3JYJVSGT,3jyjvsgt@university.edu,D
SID1430,CSE007,RUVT9C4B,ruvt9c4b@university.edu,C
SID1000,CSE015,IQJFM24H,iqjfm24h@university.edu,B
SID1356,CSE005,S1EQBGDC,s1eqbgdc@university.edu,D
SID1377,CSE003,BREJCXDZ,brejcxdz@university.edu,B
SID1089,CSE018,SY7JL0S8,sy7jl0s8@university.edu,A
SID1455,CSE015,1GIARJEC,1giarjec@university.edu,D
SID1200,CSE016,9FVJ311N,9fvj311n@university.edu,C
SID1682,CSE008,V9T2DWPF,v9t2dwpf@university.edu,F
SID1732,CSE002,S2A5RDUS,s2a5rdus@university.edu,B
SID1992,CSE018,9NZ5QFQX,9nz5qfqx@university.edu,D
SID1468,CSE011,DAIL7PL3,dail7pl3@university.edu,D
SID1311,CSE007,M383UYA6,m383uya6@university.edu,B
SID1361,CSE009,OBITSQRH,obitsqrh@university.edu,C
SID1304,CSE013,HTQXPQCN,htqxpqcn@university.edu,C
SID1551,CSE010,JXNIEW66,jxniew66@university.edu,F
SID1510,CSE018,BB58WJ5Y,bb58wj5y@university.edu,A
SID1465,CSE014,EHQROQ34,ehqroq34@university.edu,A
SID1570,CSE007,RNQZK2QA,rnqzk2qa@university.edu,E
SID1690,CSE014,P5P4TS6C,p5p4ts6c@university.edu,C
SID1508,CSE006,QW2TCI07,qw2tci07@university.edu,B
SID1471,CSE005,5S4U873J,5s4u873j@university.edu,D
SID1928,CSE018,ZC92DG92,zc92dg92@university.edu,E
SID1447,CSE011,POI4L0I8,poi4l0i8@university.edu,F
SID1919,CSE016,F5IZV7GU,f5izv7gu@university.edu,A
SID1092,CSE010,JDCVZPYY,jdcvzpyy@university.edu,E
SID1025,CSE015,RV6VW7VX,rv6vw7vx@university.edu,D
SID1096,CSE003,BQTKAJ0A,bqtkaj0a@university.edu,F
SID1361,CSE012,KJFO1IIE,kjfo1iie@university.edu,B
SID1067,CSE007,A5XW8HAB,a5xw8hab@university.edu,B
SID1344,CSE004,FBP9H8B8,fbp9h8b8@university.edu,F
SID1930,CSE019,IUUMW2CN,iuumw2cn@university.edu,C
SID1657,CSE015,DM59ZO4L,dm59zo4l@university.edu,E
SID1041,CSE018,ZBUOXJNQ,zbuoxjnq@university.edu,C
SID1032,CSE015,EP4BBA51,ep4bba51@university.edu,C
SID1261,CSE002,DBZDTP2Z,dbzdtp2z@university.edu,F
SID1504,CSE016,48590G6A,48590g6a@university.edu,C
SID1973,CSE018,LBAZCTC3,lbazctc3@university.edu,B
SID1272,CSE010,NFVJ6D2V,nfvj6d2v@university.edu,A
SID1699,CSE007,6ZQ6VSPX,6zq6vspx@university.edu,E
SID1867,CSE012,GRW5H30D,grw5h30d@university.edu,E
SID1613,CSE007,068V5I66,068v5i66@university.edu,B
SID1874,CSE020,VRJKDP3Y,vrjkdp3y@university.edu,E
SID1525,CSE001,3QZ2RCG8,3qz2rcg8@university.edu,F
SID1708,CSE016,YCT09MWM,yct09mwm@university.edu,C
SID1595,CSE001,KETQP5T3,ketqp5t3@university.edu,F
SID1506,CSE007,RH1R2G90,rh1r2g90@university.edu,B
SID1082,CSE004,GE6PCE0R,ge6pce0r@university.edu,A
SID1654,CSE010,Y3BIBFJO,y3bibfjo@university.edu,F
SID1732,CSE004,QS7IQJMJ,qs7iqjmj@university.edu,F
SID1185,CSE003,5RZFQJR9,5rzfqjr9@university.edu,D
SID1572,CSE004,LSN4RARK,lsn4rark@university.edu,A
SID1202,CSE008,RZ1VMTLV,rz1vmtlv@university.edu,A
SID1893,CSE011,QU4LP5VQ,qu4lp5vq@university.edu,A
SID1084,CSE014,PW31MPH2,pw31mph2@university.edu,D
SID1799,CSE005,GC0CPN1V,gc0cpn1v@university.edu,D
SID1631,CSE008,JTI9Q2R3,jti9q2r3@university.edu,D
SID1112,CSE012,ABGO7CVP,abgo7cvp@university.edu,A
SID1311,CSE012,1YZHR2O9,1yzhr2o9@university.edu,A
SID1790,CSE001,AG4L9ZLB,ag4l9zlb@university.edu,A
SID1573,CSE013,130DKH4P,130dkh4p@university.edu,F
SID1598,CSE006,Y0LVE6Y4,y0lve6y4@university.edu,A
SID1843,CSE019,OOHQUIKA,oohquika@university.edu,B
SID1023,CSE007,Y6LLNMLT,y6llnmlt@university.edu,C
SID1471,CSE016,HIQYSOII,hiqysoii@university.edu,C
SID1017,CSE010,CENLEL0O,cenlel0o@university.edu,E
SID1135,CSE020,VA99YW4L,va99yw4l@university.edu,B
SID1603,CSE008,DHG7N3I1,dhg7n3i1@university.edu,A
SID1201,CSE020,JLY6TCNF,jly6tcnf@university.edu,C
SID1720,CSE017,7F9OEF4O,7f9oef4o@university.edu,F
SID1122,CSE014,DBEQC2QZ,dbeqc2qz@university.edu,E
SID1246,CSE017,I5V5JB78,i5v5jb78@university.edu,D
SID1822,CSE016,Z14QD779,z14qd779@university.edu,B
SID1497,CSE001,17A31FXL,17a31fxl@university.edu,B
SID1920,CSE015,M4JSYQFV,m4jsyqfv@university.edu,E
SID1692,CSE015,TSHNJMTL,tshnjmtl@university.edu,F
SID1924,CSE012,XIW6ZDZY,xiw6zdzy@university.edu,B
SID1496,CSE013,00OJPB8U,00ojpb8u@university.edu,A
SID1272,CSE011,2PG3NB5E,2pg3nb5e@university.edu,A
SID1750,CSE007,0SE18AIQ,0se18aiq@university.edu,F
SID1098,CSE018,OB7BK6ZA,ob7bk6za@university.edu,B
SID1197,CSE004,F94M731S,f94m731s@university.edu,A
SID1117,CSE008,5JK7AW6V,5jk7aw6v@university.edu,D
SID1163,CSE011,F2K6DJ7G,f2k6dj7g@university.edu,A
SID1263,CSE003,12PBRE52,12pbre52@university.edu,B
SID1125,CSE018,5J1EJ2DT,5j1ej2dt@university.edu,B
SID1977,CSE003,558ROBKR,558robkr@university.edu,E
SID1706,CSE013,7SKM1TWC,7skm1twc@university.edu,F
SID1516,CSE018,0MTHXFMG,0mthxfmg@university.edu,A
SID1344,CSE019,PSVCP1NC,psvcp1nc@university.edu,D
SID1962,CSE008,DO45F9W6,do45f9w6@university.edu,F
SID1265,CSE002,YXU1J7YH,yxu1j7yh@university.edu,D
SID1263,CSE010,W7XHDSSL,w7xhdssl@university.edu,B
SID1935,CSE004,3MNNQCES,3mnnqces@university.edu,F
SID1088,CSE018,Y7RXB6RP,y7rxb6rp@university.edu,D
SID1285,CSE011,3UIRWSJW,3uirwsjw@university.edu,D
SID1032,CSE017,EBTMM42R,ebtmm42r@university.edu,A
SID1862,CSE016,Y9W3294H,y9w3294h@university.edu,D
SID1111,CSE019,8NM7D0LQ,8nm7d0lq@university.edu,D
SID1068,CSE006,TXTPM4X3,txtpm4x3@university.edu,D
SID1422,CSE016,SQA2KXZD,sqa2kxzd@university.edu,D
SID1216,CSE016,SC6LQH90,sc6lqh90@university.edu,A
SID1456,CSE005,DP2JHNO5,dp2jhno5@university.edu,B
SID1252,CSE001,YPK5RVJE,ypk5rvje@university.edu,F
SID1311,CSE020,ELDUXM5M,elduxm5m@university.edu,E
SID1663,CSE020,NVNXQNW6,nvnxqnw6@university.edu,F
SID1796,CSE016,R3WE6DMG,r3we6dmg@university.edu,C
SID1346,CSE008,0S5O4UX2,0s5o4ux2@university.edu,D
SID1019,CSE015,CIRLHZYT,cirlhzyt@university.edu,A
SID1154,CSE018,5XH1QRDR,5xh1qrdr@university.edu,E
SID1897,CSE015,G4IBWIJJ,g4ibwijj@university.edu,D
SID1403,CSE018,D5XSJBUQ,d5xsjbuq@university.edu,E
SID1178,CSE006,ZE79EPMC,ze79epmc@university.edu,B
SID1166,CSE013,4UUXMRV7,4uuxmrv7@university.edu,D
SID1209,CSE017,1GE4HXR5,1ge4hxr5@university.edu,A
SID1196,CSE016,9UPCDPWE,9upcdpwe@university.edu,F
SID1395,CSE015,SSSZDDVS,ssszddvs@university.edu,C
SID1832,CSE019,VRE19076,vre19076@university.edu,F
SID1787,CSE016,OR6HCR7X,or6hcr7x@university.edu,D
SID1903,CSE019,FX7OBWRT,fx7obwrt@university.edu,B
SID1012,CSE007,Y6P2BEA6,y6p2bea6@university.edu,C
SID1502,CSE014,JZ3LKM2O,jz3lkm2o@university.edu,B
SID1433,CSE015,9WT0WXB7,9wt0wxb7@university.edu,C
SID1261,CSE016,3WK4EWYV,3wk4ewyv@university.edu,C
SID1846,CSE017,TLHSBB6U,tlhsbb6u@university.edu,A
SID1745,CSE015,H2GYPMX5,h2gypmx5@university.edu,D
SID1195,CSE008,YCTAYNBT,yctaynbt@university.edu,C
SID1227,CSE020,4SKQF0K8,4skqf0k8@university.edu,B
SID1921,CSE012,NE7YYXKI,ne7yyxki@university.edu,E
SID1722,CSE003,WJJ2BB1A,wjj2bb1a@university.edu,C
SID1862,CSE019,L5IDI0FE,l5idi0fe@university.edu,B
SID1422,CSE019,AOI6LUBO,aoi6lubo@university.edu,C
SID1693,CSE009,5G6EZJTM,5g6ezjtm@university.edu,E
SID1224,CSE009,XFVLTX02,xfvltx02@university.edu,D
SID1849,CSE001,FZG8T0ZN,fzg8t0zn@university.edu,C
SID1525,CSE004,URD56NS0,urd56ns0@university.edu,F
SID1291,CSE016,UDHDUMJA,udhdumja@university.edu,F
SID1613,CSE020,409GH7BI,409gh7bi@university.edu,E
SID1868,CSE005,98TZ0PBV,98tz0pbv@university.edu,C
SID1552,CSE006,E23PJSTM,e23pjstm@university.edu,E
SID1273,CSE015,B104FSBQ,b104fsbq@university.edu,F
SID1771,CSE004,S63AVHVU,s63avhvu@university.edu,F
SID1288,CSE013,VTK563E8,vtk563e8@university.edu,E
SID1205,CSE001,MLH6SK9W,mlh6sk9w@university.edu,D
SID1486,CSE009,L2LRZF4U,l2lrzf4u@university.edu,C
SID1143,CSE007,ISYV35GN,isyv35gn@university.edu,B
SID1866,CSE001,KLKO1ECL,klko1ecl@university.edu,F
SID1975,CSE005,BC2NN7BR,bc2nn7br@university.edu,C
SID1753,CSE008,H1Y4GXJ7,h1y4gxj7@university.edu,C
SID1367,CSE002,H404BV7R,h404bv7r@university.edu,F
SID1576,CSE010,KRO2DVHB,kro2dvhb@university.edu,F
SID1805,CSE005,HJ4LDKBS,hj4ldkbs@university.edu,B
SID1665,CSE001,GKAVYVDE,gkavyvde@university.edu,C
SID1601,CSE009,A5ZSVUQU,a5zsvuqu@university.edu,E
SID1759,CSE018,KZ0IBPFZ,kz0ibpfz@university.edu,A
SID1533,CSE016,7H2C50P0,7h2c50p0@university.edu,D
SID1719,CSE018,SREDZHRR,sredzhrr@university.edu,D
SID1810,CSE009,K05LALPG,k05lalpg@university.edu,D
SID1416,CSE007,FLD5NJ3X,fld5nj3x@university.edu,D
SID1791,CSE020,IGY9WJI5,igy9wji5@university.edu,A
SID1628,CSE020,2WYFD7QN,2wyfd7qn@university.edu,D
SID1080,CSE010,D02X1OMA,d02x1oma@university.edu,C
SID1839,CSE016,BDB0VRDL,bdb0vrdl@university.edu,A
SID1761,CSE005,I8WR5MK3,i8wr5mk3@university.edu,C
SID1034,CSE003,NRYMYAGB,nrymyagb@university.edu,F
SID1587,CSE015,76KZXPA5,76kzxpa5@university.edu,F
SID1668,CSE015,5QEMH7EV,5qemh7ev@university.edu,C
SID1613,CSE013,TO6DTRKY,to6dtrky@university.edu,D
SID1421,CSE010,Q7B3QYKL,q7b3qykl@university.edu,E
SID1166,CSE017,ZHV920LA,zhv920la@university.edu,A
SID1501,CSE017,T854X58Y,t854x58y@university.edu,D
SID1729,CSE019,0U8WEG1I,0u8weg1i@university.edu,A
SID1134,CSE009,TYER93JI,tyer93ji@university.edu,D
SID1462,CSE019,3E2CQH7S,3e2cqh7s@university.edu,F
SID1586,CSE009,S6306T2Z,s6306t2z@university.edu,A
SID1612,CSE020,CIW0O5G5,ciw0o5g5@university.edu,E
SID1289,CSE007,T27RNHH2,t27rnhh2@university.edu,B
SID1341,CSE020,2FPHM9Y3,2fphm9y3@university.edu,C
SID1954,CSE010,ZRZL0XB9,zrzl0xb9@university.edu,A
SID1854,CSE020,B3ZS3GGE,b3zs3gge@university.edu,D
SID1283,CSE013,M75CX1Y7,m75cx1y7@university.edu,F
SID1454,CSE001,V941KZLJ,v941kzlj@university.edu,E
SID1075,CSE018,03XWLD2S,03xwld2s@university.edu,E
SID1450,CSE008,VAFOOS1M,vafoos1m@university.edu,F
SID1757,CSE015,UWDO72VK,uwdo72vk@university.edu,E
SID1698,CSE019,5F62N9DA,5f62n9da@university.edu,A
SID1823,CSE013,IS169054,is169054@university.edu,A
SID1113,CSE003,33MDVPBH,33mdvpbh@university.edu,E
SID1340,CSE002,TC9XAVJU,tc9xavju@university.edu,E
SID1994,CSE007,JTN4CHA0,jtn4cha0@university.edu,E
SID1280,CSE018,6FKURA15,6fkura15@university.edu,E
SID1953,CSE006,H4R0IW7G,h4r0iw7g@university.edu,D
SID1553,CSE013,VRXOE6XZ,vrxoe6xz@university.edu,C
SID1706,CSE018,FCDMIC53,fcdmic53@university.edu,C
SID1792,CSE008,9OGJWLF5,9ogjwlf5@university.edu,C
SID1048,CSE007,BCGYQI6I,bcgyqi6i@university.edu,A
SID1136,CSE008,864OWCZ1,864owcz1@university.edu,F
SID1022,CSE002,78NBMO42,78nbmo42@university.edu,B
SID1021,CSE005,T9GM7O8T,t9gm7o8t@university.edu,C
SID1856,CSE009,QYHCSAON,qyhcsaon@university.edu,B
SID1974,CSE003,NII8NN8V,nii8nn8v@university.edu,D
SID1638,CSE014,8NWIOC63,8nwioc63@university.edu,D
SID1735,CSE020,PJR2OE2A,pjr2oe2a@university.edu,F
SID1739,CSE006,AH6U2FLJ,ah6u2flj@university.edu,C
SID1833,CSE016,Z0UK0MX5,z0uk0mx5@university.edu,E
SID1368,CSE002,KKYUZJAF,kkyuzjaf@university.edu,F
SID1871,CSE001,3PHAB01P,3phab01p@university.edu,C
SID1880,CSE005,LY48PBNL,ly48pbnl@university.edu,C
SID1295,CSE006,1F3YOL3Q,1f3yol3q@university.edu,C
SID1861,CSE005,HVJEYR6A,hvjeyr6a@university.edu,C
SID1556,CSE014,LNQEZEQW,lnqezeqw@university.edu,F
SID1789,CSE004,AGAHXY12,agahxy12@university.edu,D
SID1550,CSE005,IAMBOUSE,iambouse@university.edu,B
SID1957,CSE003,Q7J3WV4V,q7j3wv4v@university.edu,B
SID1426,CSE007,P3ST81H3,p3st81h3@university.edu,A
SID1831,CSE012,N0HD8AO3,n0hd8ao3@university.edu,A
SID1090,CSE007,LR4ZBP1B,lr4zbp1b@university.edu,B
SID1096,CSE002,GXR2B6NR,gxr2b6nr@university.edu,C
SID1683,CSE020,4MNHZEPJ,4mnhzepj@university.edu,D
SID1125,CSE009,RL5N145E,rl5n145e@university.edu,C
SID1969,CSE008,TR709ANY,tr709any@university.edu,A
SID1340,CSE004,JNI4FG8G,jni4fg8g@university.edu,D
SID1909,CSE004,A7KJHGKN,a7kjhgkn@university.edu,F
SID1534,CSE006,P9O8Y4R0,p9o8y4r0@university.edu,A
SID1492,CSE007,LZZD4W2R,lzzd4w2r@university.edu,C
SID1372,CSE005,U6Z3AQS2,u6z3aqs2@university.edu,B
SID1652,CSE008,ASVQRDSN,asvqrdsn@university.edu,B
SID1827,CSE019,BQA4JAQZ,bqa4jaqz@university.edu,C
SID1749,CSE005,0D3ZAOMO,0d3zaomo@university.edu,B
SID1509,CSE009,IS7DWDJC,is7dwdjc@university.edu,F
SID1940,CSE007,MXFJ25GP,mxfj25gp@university.edu,F
SID1708,CSE009,34LCRNEG,34lcrneg@university.edu,D
SID1346,CSE010,UAWCIVXO,uawcivxo@university.edu,A
SID1700,CSE020,NMBET0SI,nmbet0si@university.edu,F
SID1199,CSE017,NP5B8L3T,np5b8l3t@university.edu,D
SID1583,CSE007,8XN99S4S,8xn99s4s@university.edu,E
SID1608,CSE009,S5AOC8WF,s5aoc8wf@university.edu,F
SID1952,CSE007,B1B0JT55,b1b0jt55@university.edu,B
SID1927,CSE015,Y6ZCFGUM,y6zcfgum@university.edu,F
SID1736,CSE006,5ERGDTLQ,5ergdtlq@university.edu,D
SID1745,CSE018,CKDC1XMT,ckdc1xmt@university.edu,D
SID1478,CSE016,021KSYBN,021ksybn@university.edu,C
SID1763,CSE009,4JTG1515,4jtg1515@university.edu,F
SID1622,CSE007,PEPZ7ZQB,pepz7zqb@university.edu,F
SID1437,CSE003,SQCLWU7A,sqclwu7a@university.edu,E
SID1148,CSE011,CKIQVOEV,ckiqvoev@university.edu,E
SID1565,CSE007,FQR6EPHX,fqr6ephx@university.edu,D
SID1368,CSE005,F5W2ZT54,f5w2zt54@university.edu,E
SID1275,CSE009,6882IE5I,6882ie5i@university.edu,F
SID1609,CSE009,NMW5A1WB,nmw5a1wb@university.edu,E
SID1154,CSE009,46ELP519,46elp519@university.edu,C
SID1999,CSE010,M0X7TZEU,m0x7tzeu@university.edu,E
SID1960,CSE001,E3DV0M9R,e3dv0m9r@university.edu,E
SID1323,CSE019,RB5E9WXS,rb5e9wxs@university.edu,A
SID1365,CSE014,CIC62E84,cic62e84@university.edu,B
SID1030,CSE015,SEBAMN63,sebamn63@university.edu,F
SID1407,CSE006,IVQJF7O6,ivqjf7o6@university.edu,E
SID1867,CSE003,SJRMVMX4,sjrmvmx4@university.edu,C
SID1485,CSE009,EKOK1SA8,ekok1sa8@university.edu,A
SID1880,CSE016,BD4QB9LO,bd4qb9lo@university.edu,B
SID1024,CSE005,3LTCIZ2C,3ltciz2c@university.edu,C
SID1449,CSE004,PRE3DDSF,pre3ddsf@university.edu,B
SID1699,CSE018,QJM0SXKE,qjm0sxke@university.edu,D
SID1371,CSE006,GBOGAVGN,gbogavgn@university.edu,B
SID1383,CSE016,84IBQU9I,84ibqu9i@university.edu,B
SID1693,CSE017,A5ZKD80N,a5zkd80n@university.edu,C
SID1159,CSE014,BIQEJOX3,biqejox3@university.edu,B
SID1734,CSE007,O49EE60M,o49ee60m@university.edu,E
SID1802,CSE008,O1HFYY01,o1hfyy01@university.edu,B
SID1735,CSE008,LOOMR9YC,loomr9yc@university.edu,E
SID1806,CSE003,0BQSCCJT,0bqsccjt@university.edu,C
SID1382,CSE002,8WLSBKQX,8wlsbkqx@university.edu,E
SID1413,CSE013,10VQA58N,10vqa58n@university.edu,B
SID1853,CSE008,MTXYKNPS,mtxyknps@university.edu,E
SID1208,CSE011,O5D0RHWQ,o5d0rhwq@university.edu,A
SID1965,CSE011,N7W0GE7Q,n7w0ge7q@university.edu,B
SID1989,CSE016,AZVW38YN,azvw38yn@university.edu,B
SID1980,CSE004,05CRDFC6,05crdfc6@university.edu,B
SID1292,CSE013,TV13R5JF,tv13r5jf@university.edu,B
SID1132,CSE007,L9C8JGT0,l9c8jgt0@university.edu,C
SID1006,CSE006,GFMS6RVU,gfms6rvu@university.edu,A
SID1972,CSE003,XVQNYFSB,xvqnyfsb@university.edu,B
SID1536,CSE019,B5YRB75Q,b5yrb75q@university.edu,A
SID1663,CSE003,B2FCXEZI,b2fcxezi@university.edu,B
SID1098,CSE020,S95O96PN,s95o96pn@university.edu,B
SID1211,CSE019,J1LGRXX6,j1lgrxx6@university.edu,A
SID1453,CSE001,4N15926Y,4n15926y@university.edu,B
SID1375,CSE015,DJ6GR381,dj6gr381@university.edu,E
SID1011,CSE015,K1XZ289F,k1xz289f@university.edu,D
SID1574,CSE004,4S98WEEM,4s98weem@university.edu,B
SID1069,CSE018,LHXEOFPX,lhxeofpx@university.edu,A
SID1285,CSE014,CJ6WJFMN,cj6wjfmn@university.edu,A
SID1058,CSE007,1YNFBYUQ,1ynfbyuq@university.edu,A
SID1386,CSE019,VYFLP1ZJ,vyflp1zj@university.edu,D
SID1048,CSE020,N39810J4,n39810j4@university.edu,D
SID1748,CSE006,8M1JQIHV,8m1jqihv@university.edu,E
SID1396,CSE005,27JGL6QB,27jgl6qb@university.edu,D
SID1851,CSE006,CAK6OTV4,cak6otv4@university.edu,E
SID1059,CSE017,V6U4KCI0,v6u4kci0@university.edu,E
SID1795,CSE012,F5TCNREZ,f5tcnrez@university.edu,B
SID1606,CSE001,CP1W1AQC,cp1w1aqc@university.edu,A
SID1105,CSE017,T1DY3O46,t1dy3o46@university.edu,D
SID1321,CSE014,OH5UKGM0,oh5ukgm0@university.edu,E
SID1956,CSE015,PZB51LBL,pzb51lbl@university.edu,F
SID1604,CSE013,GI9DWBVJ,gi9dwbvj@university.edu,C
SID1688,CSE016,PYM5802F,pym5802f@university.edu,E
SID1603,CSE012,4XKYHWUD,4xkyhwud@university.edu,C
SID1836,CSE003,8YAEX4GR,8yaex4gr@university.edu,B
SID1828,CSE014,LTA4FAAC,lta4faac@university.edu,C
SID1521,CSE012,4SSQH70P,4ssqh70p@university.edu,F
SID1086,CSE005,3MRUL6KA,3mrul6ka@university.edu,F
SID1017,CSE004,BUQ9M1K2,buq9m1k2@university.edu,A
SID1290,CSE020,N6HE1JZC,n6he1jzc@university.edu,F
SID1477,CSE017,4V38C2UC,4v38c2uc@university.edu,E
SID1406,CSE013,D34PKMKB,d34pkmkb@university.edu,F
SID1919,CSE004,SVRR35OV,svrr35ov@university.edu,A
SID1484,CSE019,FY9MG0YJ,fy9mg0yj@university.edu,A
SID1540,CSE019,KNCFODE7,kncfode7@university.edu,D
SID1962,CSE009,S7G3E8FK,s7g3e8fk@university.edu,B
SID1855,CSE016,LV7SOSTA,lv7sosta@university.edu,E
SID1122,CSE009,HTKOFGJO,htkofgjo@university.edu,A
SID1370,CSE014,1HEUFZWG,1heufzwg@university.edu,C
SID1979,CSE016,ANTY3B9T,anty3b9t@university.edu,D
SID1913,CSE003,9NJGDINZ,9njgdinz@university.edu,F
SID1344,CSE020,B0UQTQYN,b0uqtqyn@university.edu,E
SID1126,CSE013,JR5ATSTK,jr5atstk@university.edu,D
SID1723,CSE006,H74FISN9,h74fisn9@university.edu,F
SID1558,CSE008,AD1YHTPK,ad1yhtpk@university.edu,E
SID1956,CSE013,4R3ODBB5,4r3odbb5@university.edu,B
SID1948,CSE013,I2845EU9,i2845eu9@university.edu,A
SID1013,CSE004,4KG8HW3C,4kg8hw3c@university.edu,D
SID1093,CSE017,XMYPN72F,xmypn72f@university.edu,D
SID1436,CSE007,PSITSXWB,psitsxwb@university.edu,A
SID1417,CSE015,CBYZD07M,cbyzd07m@university.edu,C
SID1696,CSE001,KV9Y2M66,kv9y2m66@university.edu,C
SID1997,CSE004,NG59F2BN,ng59f2bn@university.edu,E
SID1988,CSE003,P8NZZKOV,p8nzzkov@university.edu,E
SID1890,CSE016,OAD8Q84N,oad8q84n@university.edu,C
SID1552,CSE007,3LVDN2BB,3lvdn2bb@university.edu,F
SID1716,CSE018,EX28TXID,ex28txid@university.edu,E
SID1953,CSE011,BDW6AV34,bdw6av34@university.edu,B
SID1952,CSE020,8FCGLF92,8fcglf92@university.edu,E
SID1161,CSE004,0SLECK8V,0sleck8v@university.edu,C
SID1112,CSE011,J1YQUU6M,j1yquu6m@university.edu,D
SID1349,CSE018,BOU777XN,bou777xn@university.edu,B
SID1253,CSE009,1A8QXMK1,1a8qxmk1@university.edu,E
SID1353,CSE018,BDGFW98Q,bdgfw98q@university.edu,B
SID1277,CSE015,5M1N5XRQ,5m1n5xrq@university.edu,C
SID1955,CSE020,48U4T6WD,48u4t6wd@university.edu,B
SID1181,CSE004,YJR0I676,yjr0i676@university.edu,F
SID1467,CSE002,ZXYAMMAM,zxyammam@university.edu,B
SID1396,CSE016,0O5MB1FM,0o5mb1fm@university.edu,E
SID1496,CSE012,9ID1Z2RW,9id1z2rw@university.edu,D
SID1322,CSE012,K9REDCFV,k9redcfv@university.edu,D
SID1522,CSE002,J8EZ6I2K,j8ez6i2k@university.edu,E
SID1408,CSE019,6ZALRHBZ,6zalrhbz@university.edu,A
SID1017,CSE016,MORG8ILK,morg8ilk@university.edu,C
SID1936,CSE001,A61XKAHY,a61xkahy@university.edu,E
SID1832,CSE015,415Z6K1N,415z6k1n@university.edu,D
SID1351,CSE016,YL9BFPJV,yl9bfpjv@university.edu,C
SID1445,CSE005,1H321XVG,1h321xvg@university.edu,D
SID1878,CSE017,F30XYN5A,f30xyn5a@university.edu,A
SID1824,CSE012,72CIIIHI,72ciiihi@university.edu,A
SID1586,CSE018,UPNKIW3J,upnkiw3j@university.edu,F
SID1005,CSE017,2YRK2ADR,2yrk2adr@university.edu,A
SID1978,CSE011,Z5IIRERZ,z5iirerz@university.edu,B
SID1857,CSE001,XAAUA8VZ,xaaua8vz@university.edu,E
SID1135,CSE012,8VYHGN8F,8vyhgn8f@university.edu,A
SID1279,CSE011,8GTQAE29,8gtqae29@university.edu,F
SID1765,CSE007,4O7FBRNE,4o7fbrne@university.edu,E
SID1318,CSE004,JMHE76FB,jmhe76fb@university.edu,D
SID1006,CSE010,FZ4BUN0N,fz4bun0n@university.edu,B
SID1652,CSE010,DUPUA437,dupua437@university.edu,B
SID1544,CSE018,4QM22PAX,4qm22pax@university.edu,A
SID1778,CSE008,6C684TDR,6c684tdr@university.edu,C
SID1847,CSE011,GZGLB70X,gzglb70x@university.edu,B
SID1677,CSE007,RE9Z49B1,re9z49b1@university.edu,E
SID1741,CSE002,G8L2ABPZ,g8l2abpz@university.edu,E
SID1479,CSE001,OFZKY8TM,ofzky8tm@university.edu,B
SID1224,CSE010,PRCFOL4K,prcfol4k@university.edu,B
SID1155,CSE020,H93V7NVB,h93v7nvb@university.edu,D
SID1783,CSE007,MYU0TJYE,myu0tjye@university.edu,A
SID1518,CSE004,4OWFG9ZH,4owfg9zh@university.edu,B
SID1868,CSE001,7B2OMLAM,7b2omlam@university.edu,C
SID1610,CSE010,MKKTPLB3,mkktplb3@university.edu,D
SID1433,CSE009,DOZXONZN,dozxonzn@university.edu,F
SID1606,CSE005,E2MQNRUX,e2mqnrux@university.edu,E
SID1619,CSE008,5WOROEKZ,5woroekz@university.edu,F
SID1510,CSE003,RAVYX127,ravyx127@university.edu,C
SID1302,CSE014,IZ99V0FJ,iz99v0fj@university.edu,E
SID1687,CSE007,W8RPCD0D,w8rpcd0d@university.edu,F
SID1043,CSE007,BWJWU5H1,bwjwu5h1@university.edu,C
SID1660,CSE003,NQ6ZFB7B,nq6zfb7b@university.edu,C
SID1891,CSE005,PBOBXQ9U,pbobxq9u@university.edu,B
SID1658,CSE005,AVOOIATX,avooiatx@university.edu,F
SID1128,CSE004,0S7ACBG0,0s7acbg0@university.edu,D